id;start_date;end_date;language
1;2025-02-06T13:08:12;2025-02-05T19:48:07;ENGLISH
2;2025-02-05T23:40:49;2025-02-06T16:00:22;ENGLISH
3;2025-02-06T13:54:36;2025-02-05T20:25:08;SPANISH
4;2025-02-06T09:45:13;2025-02-06T10:52:14;FRENCH
5;2025-02-06T06:21:15;2025-02-06T17:49:47;FRENCH
6;2025-02-06T11:58:16;2025-02-06T15:32:26;ENGLISH
7;2025-02-05T23:36:58;2025-02-06T00:54:18;SPANISH
8;2025-02-06T17:00:06;2025-02-06T12:41:49;ENGLISH
9;2025-02-06T03:24:14;2025-02-05T20:41:49;SPANISH
10;2025-02-06T05:36:10;2025-02-06T01:20:09;FRENCH
